1286,https://williamdis.rusff.me,NULL,true,NULL,NULL,NULL,NULL,6,NULL,NULL,6,0,1837083,1703427727
1311,https://cuibono.f-rpg.me,NULL,true,NULL,NULL,NULL,NULL,3,NULL,NULL,1,14,1837604,1704551511
1297,https://newjourney.rusff.me,NULL,true,NULL,NULL,NULL,NULL,2,NULL,NULL,1,15,1837393,1704129509
1595,https://arkania.rolebb.ru,NULL,true,NULL,NULL,NULL,NULL,27,NULL,NULL,0,5,1398715,1427249521
3199,https://anturazh.rusff.me,NULL,false,NULL,NULL,NULL,NULL,2,NULL,NULL,2,5,1852838,1727768104
2027,https://narutoworl.0pk.me,NULL,true,NULL,NULL,NULL,NULL,100,NULL,NULL,3,5,483945,1232130991
1917,https://vkp.rolebb.ru,NULL,true,NULL,NULL,NULL,NULL,1,NULL,NULL,1,5,1831582,1693503733
1160,https://fallofgotham.rolka.me,NULL,true,NULL,NULL,NULL,NULL,58,NULL,NULL,3,5,1008238,1303837701
2823,https://neopangaea.rolevaya.ru,NULL,true,NULL,NULL,NULL,NULL,43,NULL,NULL,2,5,1592927,1492515073
335,https://grishaversesab.ru,NULL,true,NULL,NULL,NULL,NULL,10,NULL,NULL,4,5,1821565,1672930078
1158,https://riverdaleisourfuture.rusff.me,NULL,true,NULL,NULL,NULL,NULL,35,NULL,NULL,3,5,1793472,1632604307
2878,https://whatsupdoc.rusff.me,NULL,true,NULL,NULL,NULL,NULL,4,NULL,NULL,2,5,1849895,1723282274
3058,https://aspect.rusff.me,NULL,false,NULL,NULL,NULL,NULL,9,NULL,NULL,37,0,1851755,1726480160
1417,https://horrorhog.mybb.ru,NULL,true,NULL,NULL,NULL,NULL,20,NULL,NULL,0,5,1225541,1364061868
2804,https://testspb.rusff.me,NULL,true,NULL,NULL,NULL,NULL,4,NULL,NULL,3,15,1849203,1722032862
1507,https://likeitseoul.rusff.me,NULL,true,NULL,NULL,NULL,NULL,7,NULL,NULL,2,5,1673461,1520183901
1603,https://persephone.rusff.me,NULL,true,NULL,NULL,NULL,NULL,18,NULL,NULL,1,5,1793392,1632501843
319,https://ryabina.rusff.me,NULL,true,NULL,NULL,NULL,NULL,17,NULL,NULL,4,5,1821809,1673354064
1604,https://doping.rusff.me,NULL,true,NULL,NULL,NULL,NULL,8,NULL,NULL,0,5,1821684,1673165331
1591,https://warriorscats.1bb.ru,NULL,true,NULL,NULL,NULL,NULL,37,NULL,NULL,3,5,765221,1262549538
1921,https://ssttr.rusff.me,NULL,true,NULL,NULL,NULL,NULL,2,NULL,NULL,1,15,1843058,1713118217
1598,https://damnapple.rusff.me,NULL,true,NULL,NULL,NULL,NULL,13,NULL,NULL,1,15,1841615,1711304655
2546,https://1920s.rusff.me,NULL,true,NULL,NULL,NULL,NULL,6,NULL,NULL,1,6,1846985,1718122735
1601,https://theseaiscalling.rusff.me,NULL,true,NULL,NULL,NULL,NULL,6,NULL,NULL,2,15,1841698,1711440395
2051,https://soscross.rusff.me,NULL,true,NULL,NULL,NULL,NULL,2,NULL,NULL,1,9,1844996,1715366828
2059,https://fogamstest.rusff.me,NULL,true,NULL,NULL,NULL,NULL,3,NULL,NULL,2,5,1845182,1715625299
2011,https://background.rusff.me,NULL,true,NULL,NULL,NULL,NULL,7,NULL,NULL,1,5,1844527,1714640086
1898,https://istanbulreal.rusff.me,NULL,true,NULL,NULL,NULL,NULL,4,NULL,NULL,0,10,1842600,1712595958
1377,https://tvdbones.rusff.me,NULL,true,NULL,NULL,NULL,NULL,5,NULL,NULL,0,14,1838239,1705862432
1392,https://fantasticbeasts.f-rpg.me,NULL,true,NULL,NULL,NULL,NULL,6,NULL,NULL,2,9,1838319,1706032157
1333,https://williampr.rusff.me,NULL,true,NULL,NULL,NULL,NULL,2,NULL,NULL,1,15,1837878,1705077905
1421,https://dct9ams.rusff.me,NULL,true,NULL,NULL,NULL,NULL,2,NULL,NULL,0,15,1838632,1706657226
2901,https://tstcharmed.rusff.me,NULL,true,NULL,NULL,NULL,NULL,3,NULL,NULL,0,14,1850163,1724010544
2432,https://creiamobellezza.mybb.ru,NULL,true,NULL,NULL,NULL,NULL,112,NULL,NULL,12,0,1781283,1622884065
1606,https://reflective.rusff.me,NULL,true,NULL,NULL,NULL,NULL,15,NULL,NULL,NULL,0,1821556,1672917558
1121,https://whalesong.rusff.me,NULL,true,NULL,NULL,NULL,NULL,4,NULL,NULL,1,5,1835041,1699785784
1289,https://hogwarts.funbb.ru,NULL,true,NULL,NULL,NULL,NULL,72,NULL,NULL,1,5,1778899,1619334890
1290,https://stubborn.rusff.me,NULL,true,NULL,NULL,NULL,NULL,4,NULL,NULL,1,5,1798491,1639156991
2957,primaltotem.hstn.me,NULL,true,NULL,NULL,NULL,NULL,NULL,NULL,NULL,NULL,0,NULL,NULL
1296,https://awesome.f-rpg.me,NULL,true,NULL,NULL,NULL,NULL,14,NULL,NULL,3,5,1414390,1430406874
1575,https://likedusttest.rusff.me,NULL,true,NULL,NULL,NULL,NULL,5,NULL,NULL,2,13,1840830,1710430735
2643,https://ttn29.rusff.me,NULL,true,NULL,NULL,NULL,NULL,6,NULL,NULL,0,5,1847395,1718887364
1223,https://thelegendofmidlleearth.f-rpg.me,NULL,true,NULL,NULL,NULL,NULL,10,NULL,NULL,0,15,1836298,1702570271
1943,https://tilmorning.rusff.me,NULL,true,NULL,NULL,NULL,NULL,7,NULL,NULL,3,5,1843699,1713644596
1939,https://littledarkage.rusff.me,NULL,true,NULL,NULL,NULL,NULL,4,NULL,NULL,2,5,1843534,1713455835
3218,https://serenade.rusff.me,NULL,false,NULL,NULL,NULL,NULL,4,NULL,NULL,50,0,1853078,1728139578
318,https://nmare.rusff.me,NULL,true,NULL,NULL,NULL,NULL,8,NULL,NULL,3,5,1832188,1695029718
2924,https://gestaltcross.rusff.me,NULL,true,NULL,NULL,NULL,NULL,4,NULL,NULL,1,15,1850282,1724192371
2482,https://cuteone.rusff.me,NULL,true,NULL,NULL,NULL,NULL,14,NULL,NULL,1,5,1815497,1661854381
2483,https://tlr.rusff.me,NULL,true,NULL,NULL,NULL,NULL,15,NULL,NULL,1,5,1812964,1658164260
2733,https://maraudersend.rusff.me,NULL,true,NULL,NULL,NULL,NULL,17,NULL,NULL,2,5,1812374,1657375313
2734,https://revivaltest.rolbb.me,NULL,true,NULL,NULL,NULL,NULL,8,NULL,NULL,1,5,1818808,1667574890
3220,https://rolke.mybb.ru,NULL,false,NULL,NULL,NULL,NULL,39,NULL,NULL,11,0,564680,1238587935
2998,https://memecross.rusff.me,NULL,false,NULL,NULL,NULL,NULL,15,NULL,NULL,10,0,1851313,1725874349
1596,https://darkdawn.rusff.me,NULL,true,NULL,NULL,NULL,NULL,7,NULL,NULL,1,5,1841262,1710931054
2439,https://evileaters.rusff.me,NULL,true,NULL,NULL,NULL,NULL,4,NULL,NULL,1,15,1846427,1717835040
1991,https://lambcross.rusff.me,NULL,true,NULL,NULL,NULL,NULL,2,NULL,NULL,1,10,1844401,1714460305
2013,https://realstories.rusff.me,NULL,true,NULL,NULL,NULL,NULL,2,NULL,NULL,1,5,1844531,1714647955
3192,https://badlikeus.rusff.me,NULL,false,NULL,NULL,NULL,NULL,19,NULL,NULL,18,0,1852738,1727603037
3178,https://tothegrave.rusff.me,NULL,false,NULL,NULL,NULL,NULL,7,NULL,NULL,69,0,1852574,1727360253
2608,https://homecrosstest.rusff.me,NULL,true,NULL,NULL,NULL,NULL,4,NULL,NULL,1,7,1847599,1719227651
3057,https://light-pride.com,NULL,true,NULL,NULL,NULL,NULL,8,NULL,NULL,1,5,1693246,1540390704
2615,https://queerasfolknew.rusff.me,NULL,true,NULL,NULL,NULL,NULL,5,NULL,NULL,3,5,1847860,1719573174
2706,https://asoiafcrosstest.rusff.me,NULL,true,NULL,NULL,NULL,NULL,2,NULL,NULL,2,15,1848687,1721056598
2747,https://scaoil.ru,NULL,true,NULL,NULL,NULL,NULL,17,NULL,NULL,2,5,1379531,1422449088
3056,https://cvfire.bbok.ru,NULL,true,NULL,NULL,NULL,NULL,24,NULL,NULL,2,5,1634197,1503931700
2450,https://darkness.rolfor.me,NULL,true,NULL,NULL,NULL,NULL,22,NULL,NULL,4,5,1770226,1609801806
2052,https://realun.rolevaya.com,NULL,true,NULL,NULL,NULL,NULL,49,NULL,NULL,3,5,1797367,1637702514
1766,https://nyc.f-rpg.me,NULL,true,NULL,NULL,NULL,NULL,11,NULL,NULL,17,0,1841711,1711462642
1090,https://dc-manunkind.ru,NULL,true,NULL,NULL,NULL,NULL,15,NULL,NULL,2,5,1761662,1597723644
1370,https://nodarkness.rusff.me,NULL,true,NULL,NULL,NULL,NULL,2,NULL,NULL,0,5,1189883,1351782011
302,https://kazancitylife.rusff.me,NULL,true,NULL,NULL,NULL,NULL,5,NULL,NULL,3,5,1779379,1619811114
780,https://oskolki.f-rpg.me,NULL,true,NULL,NULL,NULL,NULL,16,NULL,NULL,4,5,1238662,1367770500
1618,https://tutbudetforum.rusff.me,NULL,true,NULL,NULL,NULL,NULL,4,NULL,NULL,0,12,1840816,1710402171
2269,https://redlights.rusff.me,NULL,true,NULL,NULL,NULL,NULL,7,NULL,NULL,1,5,1826587,1683214586
2273,https://thenoir.rusff.me,NULL,true,NULL,NULL,NULL,NULL,16,NULL,NULL,3,5,1818715,1667418407
2452,https://closeenemy.rusff.me,NULL,true,NULL,NULL,NULL,NULL,19,NULL,NULL,1,5,1690706,1537205937
1457,https://damnapple.f-rpg.me,NULL,true,NULL,NULL,NULL,NULL,12,NULL,NULL,4,7,1839167,1707585532
2697,https://fromlandtest.rusff.me,NULL,true,NULL,NULL,NULL,NULL,3,NULL,NULL,2,12,1848573,1720884236
2951,https://hallow.rusff.me,NULL,true,NULL,NULL,NULL,NULL,6,NULL,NULL,4,13,1850562,1724670716
2163,https://englishrpg.rusff.me,NULL,true,NULL,NULL,NULL,NULL,15,NULL,NULL,2,5,1598525,1496179267
2506,https://ragnarroog.rusff.me,NULL,true,NULL,NULL,NULL,NULL,14,NULL,NULL,3,5,1847184,1718450783
3221,https://secession.rusff.me,NULL,false,NULL,NULL,NULL,NULL,12,NULL,NULL,15,0,1851100,1725609669
3222,https://nighthuntress.rusff.me,NULL,false,NULL,NULL,NULL,NULL,3,NULL,NULL,5,0,1853061,1728106916
3093,https://zovpiemen.rusff.me,NULL,false,NULL,NULL,NULL,NULL,19,NULL,NULL,20,0,1707891,1554133305
1021,https://howlongisnow.rusff.me,NULL,true,NULL,NULL,NULL,NULL,12,NULL,NULL,2,5,1595930,1494801449
2000,https://caskets.rusff.me,NULL,true,NULL,NULL,NULL,NULL,5,NULL,NULL,1,5,1844262,1714310196
1330,https://pnmtst.rusff.me,NULL,true,NULL,NULL,NULL,NULL,3,NULL,NULL,1,15,1837958,1705240660
1431,https://thebadomens.rusff.me,NULL,true,NULL,NULL,NULL,NULL,18,NULL,NULL,3,5,1838439,1706302432
1890,https://theapple.rusff.me,NULL,true,NULL,NULL,NULL,NULL,3,NULL,NULL,0,15,1842433,1712416091
3151,https://so-r.ru,NULL,false,NULL,NULL,NULL,NULL,13,NULL,NULL,45,0,1852081,1726962457
3193,https://swamptown.f-rpg.me,NULL,false,NULL,NULL,NULL,NULL,18,NULL,NULL,29,0,1852785,1727693173
1072,https://postfactum.rusff.me,NULL,true,NULL,NULL,NULL,NULL,18,NULL,NULL,2,5,1690935,1537465587
3077,https://romancecclub.rolka.me,NULL,false,NULL,NULL,NULL,NULL,15,NULL,NULL,7,0,1850036,1723658221
1562,https://azzt.anihub.me,NULL,true,NULL,NULL,NULL,NULL,18,NULL,NULL,1,5,1542886,1461516737
1491,https://csoon.rusff.me,NULL,true,NULL,NULL,NULL,NULL,4,NULL,NULL,1,5,1839549,1708266874
1975,https://gods.rolka.me,NULL,true,NULL,NULL,NULL,NULL,5,NULL,NULL,4,5,1844065,1714046730
2805,https://testsearchams.rusff.me,NULL,true,NULL,NULL,NULL,NULL,3,NULL,NULL,3,15,1849292,1722256683
2272,https://diario.rusff.me,NULL,true,NULL,NULL,NULL,NULL,3,NULL,NULL,1,5,1827077,1684145833
1222,https://mahanlegend.rusff.me,NULL,true,NULL,NULL,NULL,NULL,17,NULL,NULL,2,5,1836425,1702797003
1347,https://ottomanbattle.f-rpg.me,NULL,true,NULL,NULL,NULL,NULL,13,NULL,NULL,0,5,1838095,1705523559
1502,https://shadowtime.rusff.me,NULL,true,NULL,NULL,NULL,NULL,14,NULL,NULL,0,15,1839783,1708619309
328,https://dis.f-rpg.me,NULL,false,NULL,NULL,NULL,NULL,19,NULL,NULL,28,0,1763309,1600633572
1110,https://newsunrise.anihub.me,NULL,true,NULL,NULL,NULL,NULL,13,NULL,NULL,4,5,1828845,1687370314
2451,https://scaredams.rusff.me,NULL,true,NULL,NULL,NULL,NULL,3,NULL,NULL,1,6,1846913,1718013030
1593,https://kotoskaz.mybb.ru,NULL,true,NULL,NULL,NULL,NULL,25,NULL,NULL,4,5,1807552,1650129534
1427,https://tvdsucks.rusff.me,NULL,true,NULL,NULL,NULL,NULL,7,NULL,NULL,1,5,1838636,1706680304
2075,https://astratau.rusff.me,NULL,true,NULL,NULL,NULL,NULL,10,NULL,NULL,3,5,1845219,1715688515
771,https://mateprima.ru,NULL,false,NULL,NULL,NULL,NULL,10,NULL,NULL,14,0,1793554,1632698471
1329,https://testdrama.rusff.me,NULL,true,NULL,NULL,NULL,NULL,10,NULL,NULL,1,5,1837885,1705085360
2836,https://likeitsmagnetic.rusff.me,NULL,true,NULL,NULL,NULL,NULL,4,NULL,NULL,0,5,1849468,1722602069
2962,https://ascendant.rusff.me,NULL,true,NULL,NULL,NULL,NULL,3,NULL,NULL,2,5,1851062,1725542188
1505,https://brnws.rusff.me,NULL,true,NULL,NULL,NULL,NULL,16,NULL,NULL,3,5,1839539,1708252063
2880,https://safer.0pk.me,NULL,true,NULL,NULL,NULL,NULL,4,NULL,NULL,1,11,1849526,1722683420
2444,https://trt.rusff.me,NULL,false,NULL,NULL,NULL,NULL,6,NULL,NULL,28,0,1846105,1717184981
2424,https://oblivion.rolfor.me,NULL,true,NULL,NULL,NULL,NULL,26,NULL,NULL,0,5,1845967,1716901445
885,https://barcross.ru,NULL,false,NULL,NULL,NULL,NULL,19,NULL,NULL,207,0,1780789,1622034626
2848,https://abyssus.f-rpg.me,NULL,false,NULL,NULL,NULL,NULL,13,NULL,NULL,55,0,1849040,1721682018
2481,https://islandemon.f-rpg.me,NULL,true,NULL,NULL,NULL,NULL,9,NULL,NULL,1,5,1698681,1544212596
3024,https://warriorsdawn.f-rpg.me,NULL,false,NULL,NULL,NULL,NULL,13,NULL,NULL,28,0,1850956,1725354393
2925,https://wondersofworld.rusff.me,NULL,false,NULL,NULL,NULL,NULL,8,NULL,NULL,10,0,1849400,1722457382
2408,https://moonsonata.rusff.me,NULL,false,NULL,NULL,NULL,NULL,17,NULL,NULL,40,0,1846179,1717344129
2625,https://piupiu.rusff.me,NULL,true,NULL,NULL,NULL,NULL,3,NULL,NULL,2,5,1847953,1719768825
2963,https://mayak.f-rpg.me,NULL,false,NULL,NULL,NULL,NULL,24,NULL,NULL,181,0,1834794,1699230447
2776,https://secretsofmermaids.rusff.me,NULL,false,NULL,NULL,NULL,NULL,8,NULL,NULL,19,0,1848917,1721557699
2903,https://inspiration.f-rpg.me,NULL,false,NULL,NULL,NULL,NULL,16,NULL,NULL,231,0,1850143,1723968873
2904,https://cordona.rusff.me,NULL,false,NULL,NULL,NULL,NULL,14,NULL,NULL,8,0,1850185,1724047020
1083,https://tideland.rusff.me,NULL,true,NULL,NULL,NULL,NULL,4,NULL,NULL,2,5,1830715,1691175916
1076,https://twelvekingdoms.9bb.ru,NULL,true,NULL,NULL,NULL,NULL,16,NULL,NULL,3,5,1768891,1607944384
1582,https://lukmoria.rusff.me,NULL,true,NULL,NULL,NULL,NULL,13,NULL,NULL,1,15,1840884,1710491268
341,https://muddle.rusff.me,NULL,true,NULL,NULL,NULL,NULL,7,NULL,NULL,2,5,1829460,1688962916
1112,https://281.rusff.me,NULL,true,NULL,NULL,NULL,NULL,11,NULL,NULL,2,5,1830420,1690721009
3005,https://vampiresp.rusff.me,NULL,false,NULL,NULL,NULL,NULL,3,NULL,NULL,14,0,1851425,1725967848
2964,https://blackpines.rusff.me,NULL,false,NULL,NULL,NULL,NULL,17,NULL,NULL,3,1,1850597,1724757909
2966,https://tvdsearch.rusff.me,NULL,false,NULL,NULL,NULL,NULL,4,NULL,NULL,2,4,1851116,1725621558
1489,https://redmountcity.ru,NULL,true,NULL,NULL,NULL,NULL,4,NULL,NULL,4,5,1839403,1707997259
2958,https://heartsclub.rusff.me,NULL,false,NULL,NULL,NULL,NULL,14,NULL,NULL,72,0,1851128,1725637415
346,https://cwotgoloski.ru,NULL,false,NULL,NULL,NULL,NULL,21,NULL,NULL,35,0,321293,1213435968
2639,https://ticketinsummer.rusff.me,NULL,true,NULL,NULL,NULL,NULL,1,NULL,NULL,1,5,1847851,1719560228
1462,https://peachy.rusff.me,NULL,true,NULL,NULL,NULL,NULL,16,NULL,NULL,3,5,1839323,1707849920
1143,https://rzn.rusff.me,NULL,true,NULL,NULL,NULL,NULL,8,NULL,NULL,3,5,1834167,1697657655
1040,https://alberta.f-rpg.me,NULL,true,NULL,NULL,NULL,NULL,5,NULL,NULL,4,5,1561574,1476202261
1146,https://gorgoniers.ru,NULL,true,NULL,NULL,NULL,NULL,14,NULL,NULL,3,5,1835393,1700599455
2959,https://blackforest.rusff.me,NULL,false,NULL,NULL,NULL,NULL,67,NULL,NULL,19,0,1810884,1654971144
2876,https://wangle.rusff.me,NULL,true,NULL,NULL,NULL,NULL,16,NULL,NULL,0,5,1849857,1723215200
2960,https://testofera.rusff.me,NULL,false,NULL,NULL,NULL,NULL,5,NULL,NULL,26,0,1850889,1725178478
2961,https://phantasmacaelum.ru,NULL,false,NULL,NULL,NULL,NULL,13,NULL,NULL,9,0,1849329,1722349397
2851,https://bar1703.ru,NULL,true,NULL,NULL,NULL,NULL,12,NULL,NULL,2,5,1847949,1719763680
1600,https://ourhome.f-rpg.me,NULL,false,NULL,NULL,NULL,NULL,14,NULL,NULL,32,0,1841654,1711370660
320,https://grishaverse.ru,NULL,true,NULL,NULL,NULL,NULL,6,NULL,NULL,4,5,1776122,1617214352
325,https://ninenine.ru,NULL,true,NULL,NULL,NULL,NULL,9,NULL,NULL,3,5,1818086,1666166769
1075,https://kicks-and-giggles.ru,NULL,false,NULL,NULL,NULL,NULL,14,NULL,NULL,160,0,1830251,1690368322
449,https://mysterylegends.rusff.me,NULL,true,NULL,NULL,NULL,NULL,6,NULL,NULL,4,5,1830849,1691595902
2927,https://mmaleficarum.rusff.me,NULL,false,NULL,NULL,NULL,NULL,5,NULL,NULL,57,0,1850333,1724312246
2868,https://hpsleepless.rusff.me,NULL,false,NULL,NULL,NULL,NULL,16,NULL,NULL,31,0,1849768,1723087396
340,https://potion.rusff.me,NULL,true,NULL,NULL,NULL,NULL,18,NULL,NULL,2,5,1832508,1695455652
1250,https://weallscream.rusff.me,NULL,true,NULL,NULL,NULL,NULL,17,NULL,NULL,4,5,1588657,1489775995
1480,https://britinvasion.rusff.me,NULL,true,NULL,NULL,NULL,NULL,13,NULL,NULL,1,5,1838911,1707066544
1484,https://oha.rusff.me,NULL,true,NULL,NULL,NULL,NULL,3,NULL,NULL,1,12,1839554,1708278969
1464,https://adeliada.rusff.me,PR[in_2]),true,NULL,NULL,NULL,NULL,23,NULL,NULL,2,5,1831682,1693747113
1036,https://nightcity.rusff.me,NULL,false,NULL,NULL,NULL,NULL,6,NULL,NULL,25,0,1815438,1661776756
1156,https://balduran.rusff.me,NULL,true,NULL,NULL,NULL,NULL,11,NULL,NULL,1,5,1835575,1700960138
2840,https://oddinar.rusff.me,NULL,false,NULL,NULL,NULL,NULL,8,NULL,NULL,101,0,1849519,1722679274
2720,https://space51.rusff.me,NULL,false,NULL,NULL,NULL,NULL,12,NULL,NULL,30,0,1847637,1719257891
332,https://gemcross.ru,NULL,false,NULL,NULL,NULL,NULL,13,NULL,NULL,59,0,1781519,1623301981
355,https://mirine.rusff.me,NULL,false,NULL,NULL,NULL,NULL,20,NULL,NULL,66,0,1759874,1594482548
777,https://british.rusff.me,NULL,true,NULL,NULL,NULL,NULL,22,NULL,NULL,3,5,1774648,1615517595
1544,https://lesser.rusff.me,NULL,true,NULL,NULL,NULL,NULL,20,NULL,NULL,4,5,1837485,1704309710
1426,https://tarotgame.rusff.me,NULL,true,NULL,NULL,NULL,NULL,24,NULL,NULL,1,5,1822507,1675010652
1597,https://poisondrop.rusff.me,NULL,false,NULL,NULL,NULL,NULL,27,NULL,NULL,36,0,1841540,1711193335
371,https://hpa.magicrpg.ru,NULL,true,NULL,NULL,NULL,NULL,13,NULL,NULL,3,5,1832119,1694866951
2973,https://apokryph.rusff.me,NULL,false,NULL,NULL,NULL,NULL,34,NULL,NULL,21,0,1836389,1702727756
1498,https://fridaynightcross.rusff.me,NULL,false,NULL,NULL,NULL,NULL,17,NULL,NULL,4,1,1839852,1708763207
2806,https://hellysium.rusff.me,NULL,false,NULL,NULL,NULL,NULL,21,NULL,NULL,9,0,1848539,1720771766
6,https://kakbicross.ru,PR[in_2]),true,advertiser,NULL,NULL,NULL,19,NULL,NULL,0,5,1804898,1646745801
2766,https://asoiafcross.f-rpg.me,NULL,true,NULL,NULL,NULL,NULL,13,NULL,NULL,3,5,1848887,1721505520
2846,https://godstrust.rusff.me,NULL,false,NULL,NULL,NULL,NULL,4,NULL,NULL,50,0,1849469,1722602566
2624,https://godless.rusff.me,NULL,true,NULL,NULL,NULL,NULL,8,NULL,NULL,4,5,1847955,1719770503
1157,https://morbusinme.rusff.me,NULL,true,NULL,NULL,NULL,NULL,18,NULL,NULL,4,5,1828303,1686384142
2761,https://sayron.rolka.me,NULL,false,NULL,NULL,NULL,NULL,24,NULL,NULL,14,0,1848137,1720091178
2437,https://fallinginreverse.rusff.me,NULL,true,NULL,NULL,NULL,NULL,5,NULL,NULL,2,5,1846581,1717856744
1115,https://felicis.anihub.me,NULL,true,NULL,NULL,NULL,NULL,11,NULL,NULL,2,5,1328135,1402761023
1134,https://alternativereality.mybb.ru,NULL,true,NULL,NULL,NULL,NULL,21,NULL,NULL,4,5,874023,1280122537
1702,https://spiritshaos.rolka.me,PiarIn),true,NULL,NULL,NULL,NULL,26,NULL,NULL,0,5,595078,1241293181
1033,https://liberum.rusff.me,NULL,true,NULL,NULL,NULL,NULL,5,NULL,NULL,3,5,1762639,1599562456
1165,https://unsafe.rusff.me,NULL,true,NULL,NULL,NULL,NULL,4,NULL,NULL,4,5,1836113,1702201103
1270,https://wnot.rusff.me,NULL,true,NULL,NULL,NULL,NULL,11,NULL,NULL,4,5,1836368,1702674876
1032,https://badlandstw.rusff.me,NULL,true,NULL,NULL,NULL,NULL,12,NULL,NULL,3,5,1829150,1688184663
448,https://amorevino.rusff.me,NULL,true,NULL,NULL,NULL,NULL,15,NULL,NULL,1,5,1828436,1686666417
1042,https://hyperborea.rusff.me,NULL,true,NULL,NULL,NULL,NULL,18,NULL,NULL,4,5,1827678,1685360142
1154,https://mahan.rusff.me,NULL,true,NULL,NULL,NULL,NULL,5,NULL,NULL,2,5,1758514,1592240606
1149,https://impurities.rusff.me,NULL,true,NULL,NULL,NULL,NULL,8,NULL,NULL,NULL,0,1828352,1686486162
1078,https://thewalkingdead.f-rpg.me,NULL,true,NULL,NULL,NULL,NULL,16,NULL,NULL,3,5,1651746,1507369734
1028,https://neosteri.ru,NULL,true,NULL,NULL,NULL,NULL,15,NULL,NULL,4,5,1832813,1695913312
1041,https://skt.rolka.me,NULL,true,NULL,NULL,NULL,NULL,16,NULL,NULL,2,5,1773061,1613580799
1117,https://fakelove.rusff.me,NULL,true,NULL,NULL,NULL,NULL,13,NULL,NULL,2,5,1834930,1699546263
1331,https://noanswer.rusff.me,NULL,true,NULL,NULL,NULL,NULL,16,NULL,NULL,3,5,1837897,1705136171
2900,https://alterparadox.rusff.me,NULL,false,NULL,NULL,NULL,NULL,17,NULL,NULL,23,0,1850126,1723916210
1995,https://serodomno.mybb.ru,NULL,false,NULL,NULL,NULL,NULL,18,NULL,NULL,14,0,1842637,1712669273
2117,https://stabunjust.rolka.me,NULL,false,NULL,NULL,NULL,NULL,3,NULL,NULL,10,0,1839273,1707746199
1133,https://aljw.mybb.ru,NULL,true,NULL,NULL,NULL,NULL,35,NULL,NULL,1,5,1550977,1468416328
1132,https://drakenfurt.ru,NULL,true,NULL,NULL,NULL,NULL,14,NULL,NULL,1,5,356062,1218417018
1557,https://anarchyhp.rusff.me,NULL,true,NULL,NULL,NULL,NULL,2,NULL,NULL,3,5,1840374,1709730461
463,https://bostoncrazzy.rusff.me,NULL,false,NULL,NULL,NULL,NULL,23,NULL,NULL,99,0,1763236,1600523070
1053,https://smfleur.rusff.me,NULL,true,NULL,NULL,NULL,NULL,7,NULL,NULL,3,5,1806259,1648527335
2630,https://ritual.rusff.me,NULL,false,NULL,NULL,NULL,NULL,7,NULL,NULL,8,0,1848001,1719857585
2841,https://onceromclub.rusff.me,NULL,true,NULL,NULL,NULL,NULL,9,NULL,NULL,2,7,1848971,1721631421
2713,https://adarktwilight.rusff.me,NULL,false,NULL,NULL,NULL,NULL,15,NULL,NULL,14,0,1845965,1716896849
1804,https://moonglow.rusff.me,NULL,true,NULL,NULL,NULL,NULL,13,NULL,NULL,2,5,1842083,1711980640
2458,https://calmtest.rusff.me,NULL,true,NULL,NULL,NULL,NULL,3,NULL,NULL,3,5,1846936,1718037265
309,https://nxde.rusff.me,NULL,true,NULL,NULL,NULL,NULL,16,NULL,NULL,0,5,1828613,1686920343
1043,https://chronicle.0bb.ru,NULL,false,NULL,NULL,NULL,NULL,7,NULL,NULL,12,0,1581808,1486137552
2661,https://wayward.rusff.me,NULL,true,NULL,NULL,NULL,NULL,14,NULL,NULL,1,5,1848281,1720273957
1438,https://soulacademy.f-rpg.me,NULL,true,NULL,NULL,NULL,NULL,15,NULL,NULL,1,5,1838208,1705788966
1319,https://narutoexile.ru,NULL,false,NULL,NULL,NULL,NULL,16,NULL,NULL,42,0,1733652,1567705755
1589,https://dikolesie.f-rpg.me,NULL,true,NULL,NULL,NULL,NULL,7,NULL,NULL,4,5,1698095,1543579165
1128,https://fatal.rusff.me,NULL,true,NULL,NULL,NULL,NULL,4,NULL,NULL,3,5,1835173,1700094044
2463,https://never-moon.ru,NULL,true,NULL,NULL,NULL,NULL,12,NULL,NULL,0,5,1845621,1716261611
943,https://forest.f-rpg.me,NULL,true,NULL,NULL,NULL,NULL,10,NULL,NULL,3,5,1822456,1674900646
1359,https://hproleplay.mybb.ru,NULL,false,NULL,NULL,NULL,NULL,21,NULL,NULL,41,0,918594,1288276784
679,https://fkme.nc-21.ru,NULL,false,NULL,NULL,NULL,NULL,10,NULL,NULL,13,0,1329699,1403473725
2693,https://genshinmemories.rusff.me,NULL,false,NULL,NULL,NULL,NULL,13,NULL,NULL,25,0,1848321,1720346889
413,https://catchyourdream.rusff.me,NULL,false,NULL,NULL,NULL,NULL,18,NULL,NULL,16,0,1815973,1662673725
1148,https://superherolife.rusff.me,NULL,true,NULL,NULL,NULL,NULL,7,NULL,NULL,2,5,1834780,1699189817
358,https://nsignal.ru,NULL,true,NULL,NULL,NULL,NULL,3,NULL,NULL,0,5,1829890,1689521011
1188,https://thegoodplace.rusff.me,NULL,false,NULL,NULL,NULL,NULL,14,NULL,NULL,36,0,1835985,1701879986
1145,https://psi.rolka.me,NULL,true,NULL,NULL,NULL,NULL,18,NULL,NULL,4,5,1835076,1699869421
2890,https://kelrohn.2bb.ru,NULL,true,NULL,NULL,NULL,NULL,35,NULL,NULL,4,5,8548,1168335689
1581,https://limerence.rusff.me,NULL,true,NULL,NULL,NULL,NULL,7,NULL,NULL,2,5,1840540,1709983411
2613,https://morbusnew.rusff.me,NULL,false,NULL,NULL,NULL,NULL,25,NULL,NULL,19,0,1847555,1719163659
419,https://acadia.rusff.me,NULL,false,NULL,NULL,NULL,NULL,16,NULL,NULL,14,0,1690524,1537115573
860,https://reilan.ru,NULL,false,NULL,NULL,NULL,NULL,13,NULL,NULL,18,0,999125,1302198263
875,https://curama.mybb.ru,NULL,false,NULL,NULL,NULL,NULL,60,NULL,NULL,17,0,1568562,1479765410
2758,https://souldreamate.f-rpg.me,NULL,false,NULL,NULL,NULL,NULL,14,NULL,NULL,41,0,1848717,1721142598
1919,https://redflags.rusff.me,NULL,true,NULL,NULL,NULL,NULL,20,NULL,NULL,4,5,1842965,1713024891
2245,https://breakout.rusff.me,NULL,false,NULL,NULL,NULL,NULL,16,NULL,NULL,71,0,1845972,1716906832
784,https://maryonacross.rolbb.me,NULL,false,NULL,NULL,NULL,NULL,4,NULL,NULL,8,0,1825483,1680887079
353,https://onlyfrnds.ru,NULL,true,NULL,NULL,NULL,NULL,8,NULL,NULL,2,5,1799246,1640023263
1131,https://souloon.rolfor.me,NULL,true,NULL,NULL,NULL,NULL,8,NULL,NULL,1,5,1822756,1675505353
1130,https://seventheaven.rusff.me,NULL,true,NULL,NULL,NULL,NULL,7,NULL,NULL,4,5,1822404,1674809701
1126,https://theoldwolf.rusff.me,NULL,true,NULL,NULL,NULL,NULL,2,NULL,NULL,1,15,1835079,1699876243
1102,https://codegeass.ru,NULL,true,NULL,NULL,NULL,NULL,20,NULL,NULL,4,5,1084388,1321366411
1124,https://gloriaregali.rusff.me,NULL,true,NULL,NULL,NULL,NULL,11,NULL,NULL,2,5,1825343,1680542157
1123,https://anomalams.rusff.me,NULL,true,NULL,NULL,NULL,NULL,3,NULL,NULL,1,14,1834946,1699607074
1119,https://rpghit.rusff.me,PiarIn),true,NULL,NULL,NULL,NULL,4,NULL,NULL,3,5,1819588,1669041294
1118,https://laughtale.rusff.me,NULL,true,NULL,NULL,NULL,NULL,5,NULL,NULL,3,5,1832944,1696086987
1116,https://lux1980.ru,NULL,true,NULL,NULL,NULL,NULL,17,NULL,NULL,3,5,1800272,1641209839
1151,https://pallan.rusff.me,NULL,true,NULL,NULL,NULL,NULL,1,NULL,NULL,2,5,1819583,1669040439
1109,https://badlyapple.rusff.me,NULL,true,NULL,NULL,NULL,NULL,14,NULL,NULL,1,5,1828776,1687250134
1108,https://monolith.rolfor.me,NULL,true,NULL,NULL,NULL,NULL,15,NULL,NULL,3,5,1823983,1677787519
1107,https://vitalethes.artbb.me,NULL,true,NULL,NULL,NULL,NULL,11,NULL,NULL,1,5,1797407,1637756157
1106,https://yohohopirate.mybb.ru,NULL,true,NULL,NULL,NULL,NULL,18,NULL,NULL,1,5,1562275,1476840576
1105,https://theancientworld.rusff.me,NULL,true,NULL,NULL,NULL,NULL,9,NULL,NULL,3,5,1369690,1418414767
1104,https://meinspace.rusff.me,NULL,true,NULL,NULL,NULL,NULL,15,NULL,NULL,3,5,1749015,1582394425
1103,https://beautifulworld.rolka.me,NULL,true,NULL,NULL,NULL,NULL,41,NULL,NULL,1,5,988060,1300366006
1099,https://whitepr.0pk.me,NULL,true,NULL,NULL,NULL,NULL,40,NULL,NULL,1,0,1052334,1313249036
1095,https://pastorale.rolfor.me,NULL,true,NULL,NULL,NULL,NULL,2,NULL,NULL,4,5,1832817,1695920781
1360,https://youareatliberty.rusff.me,NULL,true,NULL,NULL,NULL,NULL,9,NULL,NULL,2,5,1838235,1705853792
1085,https://vsumrake.rusff.me,NULL,true,NULL,NULL,NULL,NULL,0,NULL,NULL,NULL,0,1827611,1685213148
1084,https://crossheart.rusff.me,NULL,true,NULL,NULL,NULL,NULL,0,NULL,NULL,NULL,0,1826748,1683526292
1082,https://strannic.xyz,NULL,true,NULL,NULL,NULL,NULL,20,NULL,NULL,4,5,896405,1284389858
1355,https://didest.rusff.me,NULL,true,NULL,NULL,NULL,NULL,15,NULL,NULL,1,5,1837871,1705061767
1080,https://calmharbor.rusff.me,PrLogin),true,NULL,NULL,NULL,NULL,19,NULL,NULL,4,5,1797900,1638355599
1155,https://entropy.rusff.me,NULL,true,NULL,NULL,NULL,NULL,7,NULL,NULL,0,15,1835837,1701548789
1071,https://themostsupernatural.ru,NULL,true,NULL,NULL,NULL,NULL,10,NULL,NULL,8,0,320780,1213358945
311,https://takehome.rusff.me,NULL,true,NULL,NULL,NULL,NULL,17,NULL,NULL,1,5,1829063,1687949241
1067,https://juketest.rusff.me,NULL,true,NULL,NULL,NULL,NULL,5,NULL,NULL,NULL,0,1831701,1693834748
1066,https://dblood.rusff.me,NULL,true,NULL,NULL,NULL,NULL,2,NULL,NULL,0,0,1833920,1696961359
1064,https://easybreezycross.rusff.me,NULL,true,NULL,NULL,NULL,NULL,9,NULL,NULL,NULL,0,1831256,1692698798
1063,https://lastgods.rusff.me,NULL,true,NULL,NULL,NULL,NULL,8,NULL,NULL,4,5,1821856,1673455257
1062,https://placcebo.rusff.me,NULL,true,NULL,NULL,NULL,NULL,5,NULL,NULL,0,5,1831612,1693588682
1060,https://sfforever.rusff.me,NULL,true,NULL,NULL,NULL,NULL,7,NULL,NULL,NULL,0,1825841,1681671090
1059,https://makeawishp.rusff.me,NULL,true,NULL,NULL,NULL,NULL,13,NULL,NULL,NULL,0,1830750,1691326059
330,https://wishes.rusff.me,NULL,true,NULL,NULL,NULL,NULL,14,NULL,NULL,2,5,1831452,1693204370
1501,https://nocturn.rusff.me,NULL,true,NULL,NULL,NULL,NULL,13,NULL,NULL,4,5,1839883,1708795626
1056,https://monstrlnd.rusff.me,NULL,true,NULL,NULL,NULL,NULL,5,NULL,NULL,3,5,1813499,1658946792
2490,https://ffw.f-rpg.me,NULL,false,NULL,NULL,NULL,NULL,16,NULL,NULL,11,0,1841723,1711482008
2633,https://crossinsomnia.rusff.me,NULL,false,NULL,NULL,NULL,NULL,14,NULL,NULL,37,0,1847764,1719425407
1052,https://totop.rolka.me,NULL,true,NULL,NULL,NULL,NULL,7,NULL,NULL,4,5,1770304,1609912017
1051,https://wandenreich.rusff.me,NULL,true,NULL,NULL,NULL,NULL,21,NULL,NULL,3,5,1501025,1446370323
1050,https://mafialand.rolevaya.com,NULL,true,NULL,NULL,NULL,NULL,21,NULL,NULL,4,5,1527137,1457013868
2046,https://phantazia.rusff.me,NULL,false,NULL,NULL,NULL,NULL,15,NULL,NULL,154,0,1844795,1715162227
1313,https://mixtape.rusff.me,NULL,true,NULL,NULL,NULL,NULL,8,NULL,NULL,2,5,1837640,1704597757
1111,https://themistfrpg.rusff.me,NULL,true,NULL,NULL,NULL,NULL,16,NULL,NULL,3,5,1591186,1491244797
2373,https://epicfailage.forumrpg.ru,NULL,true,NULL,NULL,NULL,NULL,13,NULL,NULL,0,5,1629242,1502966934
1709,https://aestheticscross.rusff.me,NULL,true,NULL,NULL,NULL,NULL,13,NULL,NULL,3,5,1841945,1711726000
2789,https://nexusofmarvel.rusff.me,NULL,false,NULL,NULL,NULL,NULL,5,NULL,NULL,18,0,1849175,1721982688
2374,https://onlyadventure.mybb.ru,NULL,true,NULL,NULL,NULL,NULL,4,NULL,NULL,3,5,1598321,1496012833
2786,https://cicadas.rusff.me,NULL,false,NULL,NULL,NULL,NULL,2,NULL,NULL,5,0,1849089,1721762055
1069,https://ameno.rusff.me,NULL,true,NULL,NULL,NULL,NULL,13,NULL,NULL,2,5,1818419,1666885105
1010,https://theabyss.rusff.me,NULL,true,NULL,NULL,NULL,NULL,7,NULL,NULL,4,5,1800836,1641895366
348,https://dragonhp.rusff.me,NULL,true,NULL,NULL,NULL,NULL,15,NULL,NULL,3,5,1814198,1659976200
579,https://nolf.mybb.ru,NULL,false,NULL,NULL,NULL,NULL,18,NULL,NULL,12,0,1384110,1423753910
345,https://borgias.mybb.ru,NULL,false,NULL,NULL,NULL,NULL,7,NULL,NULL,29,0,1368630,1417891090
344,https://parograd.f-rpg.me,NULL,true,NULL,NULL,NULL,NULL,3,NULL,NULL,3,5,1830256,1690379011
465,https://anevermore.ru,NULL,false,NULL,NULL,NULL,NULL,19,NULL,NULL,13,0,1820319,1670406954
1378,https://aurorashine.ru,NULL,true,NULL,NULL,NULL,NULL,14,NULL,NULL,4,5,1838245,1705865028
303,https://sunnycross.ru,NULL,false,NULL,NULL,NULL,NULL,16,NULL,NULL,108,0,1798319,1638902435
2551,https://tenebris.f-rpg.me,NULL,true,NULL,NULL,NULL,NULL,13,NULL,NULL,3,5,1783417,1626531804
1065,https://arcanus.f-rpg.me,NULL,true,NULL,NULL,NULL,NULL,20,NULL,NULL,3,5,1781517,1623299361
1909,https://intothewild.f-rpg.me,NULL,true,NULL,NULL,NULL,NULL,14,NULL,NULL,1,5,1841863,1711571169
1962,https://haftraum.rusff.me,NULL,false,NULL,NULL,NULL,NULL,12,NULL,NULL,15,0,1829199,1688326218
1079,https://dgmkwr.ru,NULL,false,NULL,NULL,NULL,NULL,13,NULL,NULL,9,0,1592146,1492163381
886,https://wbd.mybb.ru,NULL,false,NULL,NULL,NULL,NULL,17,NULL,NULL,7,0,1748965,1582309048
2453,https://pisdead.rusff.me,NULL,true,NULL,NULL,NULL,NULL,16,NULL,NULL,4,5,1844216,1714239364
1088,https://everspace.mybb.ru,NULL,false,NULL,NULL,NULL,NULL,19,NULL,NULL,22,0,1831674,1693739158
1942,https://cosmocross.f-rpg.me,NULL,false,NULL,NULL,NULL,NULL,34,NULL,NULL,5,0,1842872,1712876813
1039,https://euphoria.f-rpg.me,NULL,true,NULL,NULL,NULL,NULL,7,NULL,NULL,0,8,1834612,1698822122
1035,https://19centuryrussia.rusff.me,NULL,true,NULL,NULL,NULL,NULL,13,NULL,NULL,1,5,1590326,1490889895
1375,https://forumd.ru,NULL,true,NULL,NULL,NULL,NULL,1,NULL,NULL,49,0,517111,1234938952
313,https://9thwave.rusff.me,NULL,true,NULL,NULL,NULL,NULL,8,NULL,NULL,0,1,1830155,1690200354
1030,https://roleage.mybb.ru,NULL,true,NULL,NULL,NULL,NULL,44,NULL,NULL,NULL,0,1825987,1681982130
1027,https://bloodypact.rusff.me,NULL,true,NULL,NULL,NULL,NULL,3,NULL,NULL,0,5,1834504,1698569542
1335,https://domkyznechik.ru,NULL,true,NULL,NULL,NULL,NULL,61,NULL,NULL,63,0,1653900,1509169857
1343,https://dogteeth.rusff.me,NULL,true,NULL,NULL,NULL,NULL,15,NULL,NULL,6,0,1837896,1705135191
1022,https://dreamsofboston.rolebb.ru,NULL,true,NULL,NULL,NULL,NULL,18,NULL,NULL,2,5,1831841,1694188184
1017,https://misterium-frpg.ru,NULL,true,NULL,NULL,NULL,NULL,63,NULL,NULL,NULL,0,86544,1187960068
1009,https://enchantix.rusff.me,NULL,true,NULL,NULL,NULL,NULL,4,NULL,NULL,2,5,1833255,1696253798
1008,https://sibirsk.rusff.me,NULL,true,NULL,NULL,NULL,NULL,19,NULL,NULL,1,5,1776292,1617444360
1007,https://nobalance.ru,NULL,true,NULL,NULL,NULL,NULL,6,NULL,NULL,NULL,0,1769298,1608466231
905,https://forum.quillster.io,NULL,true,NULL,NULL,NULL,NULL,7,NULL,NULL,NULL,0,1829416,1688900862
903,https://sevendays.rusff.me,NULL,true,NULL,NULL,NULL,NULL,7,NULL,NULL,3,5,1832688,1695657648
1523,https://insomniacs.ru,NULL,true,NULL,NULL,NULL,NULL,11,NULL,NULL,3,5,1840211,1709393167
1011,https://blackmore.rusff.me,NULL,true,NULL,NULL,NULL,NULL,5,NULL,NULL,3,5,1826418,1682850991
343,https://fear.rusff.me,NULL,true,NULL,NULL,NULL,NULL,18,NULL,NULL,3,5,1833786,1696602942
462,https://hogwartslegacy.rusff.me,NULL,true,NULL,NULL,NULL,NULL,8,NULL,NULL,4,5,1823887,1677608698
417,https://armoni.f-rpg.me,NULL,true,NULL,NULL,NULL,NULL,17,NULL,NULL,4,5,1772905,1613329238
1920,https://ashadows.rusff.me,NULL,false,NULL,NULL,NULL,NULL,3,NULL,NULL,57,0,1843061,1713119869
1292,https://talesofarpha.f-rpg.me,NULL,true,NULL,NULL,NULL,NULL,5,NULL,NULL,1,5,1837352,1704015681
2080,https://lutece.rusff.me,NULL,true,NULL,NULL,NULL,NULL,20,NULL,NULL,2,5,1841561,1711217234
373,https://morsmordremortis.rusff.me,NULL,false,NULL,NULL,NULL,NULL,15,NULL,NULL,62,0,1817029,1664547063
1710,https://pokemoworld.rolka.me,NULL,true,NULL,NULL,NULL,NULL,152,NULL,NULL,2,5,1826421,1682854532
2467,https://minnesota.rusff.me,NULL,false,NULL,NULL,NULL,NULL,18,NULL,NULL,13,0,1691377,1537898947
354,https://dissues.rusff.me,NULL,true,NULL,NULL,NULL,NULL,17,NULL,NULL,0,5,1831780,1694076416
1038,https://runwayny.ru,NULL,true,NULL,NULL,NULL,NULL,15,NULL,NULL,2,5,1834239,1697880194
1351,https://bloodmoonrise.rusff.me,NULL,true,NULL,NULL,NULL,NULL,4,NULL,NULL,4,5,1837781,1704830406
447,https://vigrid-2.ru,NULL,true,NULL,NULL,NULL,NULL,17,NULL,NULL,3,5,1822001,1673758473
2496,https://badger.rolevaya.ru,NULL,false,NULL,NULL,NULL,NULL,7,NULL,NULL,21,0,1840604,1710070432
304,https://soldout.rusff.me,NULL,true,NULL,NULL,NULL,NULL,15,NULL,NULL,0,5,1831663,1693713204
1513,https://epitaphium.rusff.me,NULL,false,NULL,NULL,NULL,NULL,8,NULL,NULL,22,0,1839541,1708254487
1140,https://grimdefeat.rusff.me,NULL,true,NULL,NULL,NULL,NULL,7,NULL,NULL,2,5,1835304,1700388728
2486,https://angelparty.rusff.me,NULL,false,NULL,NULL,NULL,NULL,14,NULL,NULL,28,0,1847025,1718195505
2293,https://moorytest.rusff.me,NULL,true,NULL,NULL,NULL,NULL,4,NULL,NULL,2,5,1846054,1717078638
1061,https://enteros.rusff.me,NULL,false,NULL,NULL,NULL,NULL,34,NULL,NULL,42,0,1434994,1434466514
2472,https://windworld.rusff.me,NULL,false,NULL,NULL,NULL,NULL,5,NULL,NULL,11,0,1827863,1685647722
2138,https://gothamfever.rusff.me,NULL,true,NULL,NULL,NULL,NULL,16,NULL,NULL,4,5,1844707,1714986600
1881,https://burndown.rusff.me,NULL,false,NULL,NULL,NULL,NULL,11,NULL,NULL,85,0,1841915,1711663489
2012,https://repokemon.mybb.ru,NULL,false,NULL,NULL,NULL,NULL,24,NULL,NULL,9,0,1844500,1714583438
2568,https://clamantis.ru,NULL,false,NULL,NULL,NULL,NULL,6,NULL,NULL,53,0,1847218,1718474769
1091,https://arhi.rusff.me,NULL,false,NULL,NULL,NULL,NULL,17,NULL,NULL,34,0,1805447,1647456719
1549,https://onelasttime.rusff.me,NULL,true,NULL,NULL,NULL,NULL,4,NULL,NULL,0,15,1840242,1709469272
1122,https://witcher.rusff.me,NULL,false,NULL,NULL,NULL,NULL,40,NULL,NULL,12,0,1709852,1556183773
1478,https://fabula.rusff.me,NULL,true,NULL,NULL,NULL,NULL,15,NULL,NULL,3,5,1838506,1706421372
778,https://dif.rusff.me,NULL,true,NULL,NULL,NULL,NULL,12,NULL,NULL,3,5,1814901,1660934599
11,https://verbaveritatis.rusff.me,PR[in_2]),false,advertiser,NULL,NULL,NULL,14,NULL,NULL,12,0,1813193,1658443593
773,https://sabbathage.ru,NULL,true,NULL,NULL,NULL,NULL,11,NULL,NULL,2,5,1687822,1534275362
1139,https://cimeria.f-rpg.me,NULL,false,NULL,NULL,NULL,NULL,10,NULL,NULL,4,1,1834584,1698743952
374,https://keepersofdream.rusff.me,NULL,true,NULL,NULL,NULL,NULL,7,NULL,NULL,2,5,1829252,1688489597
866,https://detroit.hutt.live,NULL,false,NULL,NULL,NULL,NULL,18,NULL,NULL,13,0,1806070,1648312121
1586,https://dilemma.rusff.me,NULL,false,NULL,NULL,NULL,NULL,10,NULL,NULL,59,0,1840910,1710522758
1576,https://voiceoftales.rusff.me,NULL,false,NULL,NULL,NULL,NULL,10,NULL,NULL,14,0,1840878,1710475248
507,https://incident.rusff.me,NULL,false,NULL,NULL,NULL,NULL,11,NULL,NULL,42,0,1825869,1681741739
351,https://sansaras.rusff.me,NULL,false,NULL,NULL,NULL,NULL,16,NULL,NULL,104,0,1827026,1684058154
316,https://churchcross.rusff.me,NULL,false,NULL,NULL,NULL,NULL,21,NULL,NULL,98,0,1834214,1697786350
17,https://phoenixlament.f-rpg.me,PiarIn),false,advertiser,NULL,NULL,NULL,8,NULL,NULL,13,0,1483371,1441993559
418,https://ratapolis.rusff.me,NULL,true,NULL,NULL,NULL,NULL,23,NULL,NULL,4,5,1823492,1676905296
389,https://magnumopus.rusff.me,NULL,true,NULL,NULL,NULL,NULL,6,NULL,NULL,2,5,1820382,1670514319
377,https://whaletest.rusff.me,NULL,true,NULL,NULL,NULL,NULL,3,NULL,NULL,3,5,1834288,1697971071
369,https://tsgarden.rusff.me,NULL,true,NULL,NULL,NULL,NULL,13,NULL,NULL,2,5,1831398,1693051333
367,https://amazingdevils.rusff.me,NULL,true,NULL,NULL,NULL,NULL,4,NULL,NULL,40,0,1830108,1690051934
357,https://therumor.ru,NULL,true,NULL,NULL,NULL,NULL,18,NULL,NULL,NULL,0,1827922,1685780900
411,https://mates.f-rpg.me,NULL,true,NULL,NULL,NULL,NULL,5,NULL,NULL,2,5,1792986,1631963417
352,https://somaulte.rusff.me,NULL,true,NULL,NULL,NULL,NULL,16,NULL,NULL,NULL,0,1753049,1587044932
894,https://waldmond.f-rpg.me,NULL,true,NULL,NULL,NULL,NULL,22,NULL,NULL,4,5,1705849,1552156379
337,https://severobaikalsk.rusff.me,NULL,true,NULL,NULL,NULL,NULL,14,NULL,NULL,1,5,1832537,1695460618
336,https://jukeboxcross.rusff.me,NULL,true,NULL,NULL,NULL,NULL,16,NULL,NULL,0,5,1831866,1694276490
1023,https://eatcake.rusff.me,NULL,false,NULL,NULL,NULL,NULL,15,NULL,NULL,90,0,1821537,1672868138
1012,https://notalonecross.rusff.me,NULL,true,NULL,NULL,NULL,NULL,13,NULL,NULL,4,5,1831537,1693382173
1740,https://wolfauf.rusff.me,NULL,false,NULL,NULL,NULL,NULL,5,NULL,NULL,76,0,1841975,1711785893
1019,https://amantes.rusff.me,NULL,false,NULL,NULL,NULL,NULL,5,NULL,NULL,42,0,1834157,1697639986
1026,https://bloodthirst.rusff.me,NULL,false,NULL,NULL,NULL,NULL,18,NULL,NULL,0,2,1802972,1644278268
1089,https://francexvii.rusff.me,NULL,false,NULL,NULL,NULL,NULL,10,NULL,NULL,7,0,1502067,1446832864
364,https://historycross.rusff.me,NULL,false,NULL,NULL,NULL,NULL,17,NULL,NULL,61,0,1795962,1635949362
13,https://asphodel.rusff.me,PR[in_2]),true,advertiser,NULL,NULL,NULL,7,NULL,NULL,2,5,1830917,1691754262
366,https://bloodoracle.rusff.me,NULL,true,NULL,NULL,NULL,NULL,12,NULL,NULL,2,5,1821765,1673280465
1288,https://illyon.rusff.me,NULL,false,NULL,NULL,NULL,NULL,15,NULL,NULL,31,0,1837154,1703594194
660,https://sinistrum.f-rpg.me,NULL,false,NULL,NULL,NULL,NULL,15,NULL,NULL,101,0,1829385,1688818023
572,https://dos.f-rpg.me,NULL,false,NULL,NULL,NULL,NULL,17,NULL,NULL,45,0,1817821,1665701300
889,https://castlerockisland.rusff.me,NULL,false,NULL,NULL,NULL,NULL,18,NULL,NULL,26,0,1760854,1596292176
469,https://wildcross.rusff.me,NULL,false,NULL,NULL,NULL,NULL,14,NULL,NULL,107,0,1830094,1690026460
890,https://mayhem.rusff.me,NULL,true,NULL,NULL,NULL,NULL,14,NULL,NULL,2,5,1768217,1607010028
1136,https://sacredgardens.rolevaya.ru,NULL,false,NULL,NULL,NULL,NULL,9,NULL,NULL,11,0,1770639,1610397655
376,https://circum.rusff.me,NULL,true,NULL,NULL,NULL,NULL,18,NULL,NULL,3,5,1798226,1638800104
869,https://fatespace.rusff.me,NULL,true,NULL,NULL,NULL,NULL,6,NULL,NULL,4,5,1807156,1649612894
442,https://holod.rusff.me,NULL,false,NULL,NULL,NULL,NULL,17,NULL,NULL,14,0,1705638,1551944913
322,https://shlexmalalexnulla.rusff.me,NULL,true,NULL,NULL,NULL,NULL,8,NULL,NULL,0,5,1827061,1684118230
1592,https://cwtales.ru,NULL,false,NULL,NULL,NULL,NULL,25,NULL,NULL,11,0,1839092,1707423059
1068,https://yourphoenix.ru,NULL,false,NULL,NULL,NULL,NULL,15,NULL,NULL,16,0,1497962,1445524262
1101,https://magnificentempire.ru,NULL,false,NULL,NULL,NULL,NULL,8,NULL,NULL,9,0,1668304,1515866758
1016,https://yantar.rusff.me,NULL,true,NULL,NULL,NULL,NULL,15,NULL,NULL,0,5,1772173,1612301713
1144,https://theraven.rusff.me,NULL,false,NULL,NULL,NULL,NULL,7,NULL,NULL,30,0,1835085,1699887036
310,https://killarney.rolka.me,NULL,false,NULL,NULL,NULL,NULL,10,NULL,NULL,28,0,1823257,1676444690
1125,https://istoki.rusff.me,NULL,false,NULL,NULL,NULL,NULL,21,NULL,NULL,3,1,1817904,1665858105
1568,https://washitaway.rusff.me,NULL,false,NULL,NULL,NULL,NULL,6,NULL,NULL,9,0,1840241,1709467978
436,https://soullove.ru,NULL,false,NULL,NULL,NULL,NULL,16,NULL,NULL,59,0,941392,1292595220
455,https://thedome.rusff.me,NULL,false,NULL,NULL,NULL,NULL,15,NULL,NULL,37,0,1794218,1633605743
359,https://kelmoracrown.rusff.me,NULL,false,NULL,NULL,NULL,NULL,17,NULL,NULL,58,0,1828397,1686572153
1015,https://mistoua.f-rpg.me,NULL,false,NULL,NULL,NULL,NULL,16,NULL,NULL,18,0,1819198,1668297796
361,https://brightonlife.ru,NULL,false,NULL,NULL,NULL,NULL,9,NULL,NULL,70,0,935717,1291590663
1389,https://imdrama.rusff.me,NULL,true,NULL,NULL,NULL,NULL,13,NULL,NULL,4,5,1838206,1705787464
1150,https://homeostasis.rolevaya.com,NULL,true,NULL,NULL,NULL,NULL,10,NULL,NULL,4,5,1494542,1443813899
1013,https://capital-queen.ru,NULL,false,NULL,NULL,NULL,NULL,15,NULL,NULL,7,0,1749546,1583134976
882,https://urchoice.su,NULL,false,NULL,NULL,NULL,NULL,1,NULL,NULL,373,0,723279,1256966570
2214,https://yarfort.rusff.me,NULL,false,NULL,NULL,NULL,NULL,14,NULL,NULL,1,4,1842058,1711954664
1135,https://silenthunt.rusff.me,NULL,true,NULL,NULL,NULL,NULL,18,NULL,NULL,2,5,1834818,1699283899
415,https://thedas.mybb.ru,NULL,false,NULL,NULL,NULL,NULL,3,NULL,NULL,24,0,1827034,1684072101
461,https://magia-frpg.ru,NULL,false,NULL,NULL,NULL,NULL,14,NULL,NULL,28,0,1767961,1606676934
445,https://greenwich.rusff.me,NULL,true,NULL,NULL,NULL,NULL,17,NULL,NULL,4,5,1817425,1665177443
305,https://morphoses.rusff.me,NULL,true,NULL,NULL,NULL,NULL,1,NULL,NULL,NULL,0,1831621,1693635017
301,https://starrail.f-rpg.me,NULL,true,NULL,NULL,NULL,NULL,8,NULL,NULL,3,5,1830401,1690672219
300,https://saudade.rusff.me,PR[in_2]),true,NULL,NULL,NULL,NULL,2,NULL,NULL,1,5,1824776,1679374697
299,https://mysteriousalbion.rusff.me,NULL,true,NULL,NULL,NULL,NULL,16,NULL,NULL,2,5,1692542,1539456224
298,https://domzabveniya.ru,PR[in_2]),true,NULL,NULL,NULL,NULL,8,NULL,NULL,3,5,709876,1254769681
296,https://darkny.f-rpg.me,NULL,true,NULL,NULL,NULL,NULL,12,NULL,NULL,1,5,1831807,1694129303
3,https://rains.rusff.me,PrLoginpr),true,advertiser,NULL,NULL,NULL,10,NULL,NULL,NULL,0,1394972,1426340940
317,https://goodtimes.rusff.me,NULL,true,NULL,NULL,NULL,NULL,7,NULL,NULL,4,5,1831656,1693684911
1558,https://daisytest.rusff.me,NULL,true,NULL,NULL,NULL,NULL,1,NULL,NULL,2,5,1840084,1709131905
1164,https://papower.rusff.me,NULL,true,NULL,NULL,NULL,NULL,6,NULL,NULL,2,5,1836147,1702260943
1537,https://lucifer.forenger.com,NULL,true,NULL,NULL,NULL,NULL,9,NULL,NULL,4,5,1836054,1702063851
444,https://thesealofgod.rolka.me,NULL,true,NULL,NULL,NULL,NULL,18,NULL,NULL,3,5,1804276,1645957713
1941,https://macabre.rusff.me,NULL,true,NULL,NULL,NULL,NULL,3,NULL,NULL,1,5,1843532,1713452664
2093,https://stellaex.rusff.me,NULL,true,NULL,NULL,NULL,NULL,15,NULL,NULL,3,5,1845237,1715707214
293,https://tma.f-rpg.me,NULL,true,NULL,NULL,NULL,NULL,15,NULL,NULL,2,5,1832471,1695371747
370,https://exlibrisforlife.ru,NULL,false,NULL,NULL,NULL,NULL,5,NULL,NULL,173,0,1722464,1562727131
1058,https://benotafraid.rusff.me,NULL,true,NULL,NULL,NULL,NULL,18,NULL,NULL,3,5,1810837,1654897132
342,https://1980s.rusff.me,NULL,true,NULL,NULL,NULL,NULL,7,NULL,NULL,3,5,1832917,1696079998
349,https://sideffect.rusff.me,NULL,false,NULL,NULL,NULL,NULL,19,NULL,NULL,149,0,1775255,1616314667
446,https://gotreincarnation.f-rpg.me,NULL,true,NULL,NULL,NULL,NULL,12,NULL,NULL,3,5,1645283,1505998441
360,https://infinitedarkness.rusff.me,NULL,true,NULL,NULL,NULL,NULL,24,NULL,NULL,4,5,1832352,1695248782
877,https://anselior.f-rpg.me,NULL,false,NULL,NULL,NULL,NULL,11,NULL,NULL,11,0,1808367,1651316089
468,https://measurement.rusff.me,NULL,false,NULL,NULL,NULL,NULL,1,NULL,NULL,11,0,1525735,1456478756
1029,https://frpgsorta.ru,NULL,true,NULL,NULL,NULL,NULL,25,NULL,NULL,0,5,1597352,1495530181
2399,https://mooryhome.rusff.me,NULL,false,NULL,NULL,NULL,NULL,14,NULL,NULL,113,0,1846159,1717312988
15,https://intovoid.f-rpg.me,PR[in_2]),true,advertiser,NULL,NULL,NULL,13,NULL,NULL,4,5,1818340,1666716776
1020,https://prusheenwrite.rusff.me,NULL,true,NULL,NULL,NULL,NULL,10,NULL,NULL,2,5,1816608,1663757555
5,https://daas.rusff.me,PR[in_2]),false,advertiser,NULL,NULL,NULL,18,NULL,NULL,12,0,1801126,1642187407
2061,https://daemonium.rusff.me,NULL,false,NULL,NULL,NULL,NULL,16,NULL,NULL,18,0,1839336,1707888971
2092,https://3reasons.rusff.me,NULL,true,NULL,NULL,NULL,NULL,14,NULL,NULL,3,5,1845528,1716117645
1129,https://rusmagic.mybb.ru,NULL,false,NULL,NULL,NULL,NULL,2,NULL,NULL,11,0,1588588,1489746292
2078,https://dominion.f-rpg.me,NULL,false,NULL,NULL,NULL,NULL,10,NULL,NULL,5,0,1843670,1713583343
356,https://miamiclub.ru,NULL,false,NULL,NULL,NULL,NULL,14,NULL,NULL,154,0,1820582,1670868380
1973,https://metaverse.rusff.me,NULL,false,NULL,NULL,NULL,NULL,16,NULL,NULL,31,0,1844213,1714231596
1014,https://thecityandthecity.rusff.me,NULL,true,NULL,NULL,NULL,NULL,21,NULL,NULL,2,5,1670613,1517749395
1499,https://skreverse.rusff.me,NULL,false,NULL,NULL,NULL,NULL,12,NULL,NULL,15,0,1838669,1706770943
1986,https://deadtales.f-rpg.me,NULL,false,NULL,NULL,NULL,NULL,13,NULL,NULL,7,0,1843515,1713423889
1337,https://imperiumaeternum.rolka.me,NULL,false,NULL,NULL,NULL,NULL,15,NULL,NULL,29,0,1611590,1498207422
378,https://sept3rd.rusff.me,NULL,false,NULL,NULL,NULL,NULL,12,NULL,NULL,34,0,1828031,1685881127
1141,https://ventanna.rusff.me,NULL,false,NULL,NULL,NULL,NULL,23,NULL,NULL,15,0,1830550,1690903184
362,https://genshintales.ru,PR[in_2]),false,NULL,NULL,NULL,NULL,15,NULL,NULL,43,0,1793151,1632164893
441,https://organizedchaos.rusff.me,NULL,true,NULL,NULL,NULL,NULL,11,NULL,NULL,3,5,1819234,1668365514
1521,https://lepidus.ru,NULL,false,NULL,NULL,NULL,NULL,33,NULL,NULL,32,0,1151805,1339432223
7,https://toeden.rusff.me,PR[in_2]),false,advertiser,NULL,NULL,NULL,16,NULL,NULL,78,0,1707509,1553866241
2168,https://greenlake.rusff.me,NULL,false,NULL,NULL,NULL,NULL,6,NULL,NULL,17,0,1845790,1716567936
1113,https://sexyfantasy.rolka.me,NULL,true,NULL,NULL,NULL,NULL,15,NULL,NULL,3,5,1168049,1344358549
334,https://alluvio.ru,NULL,false,NULL,NULL,NULL,NULL,15,NULL,NULL,123,0,1809757,1653208902
1055,https://sherlock.rusff.me,NULL,false,NULL,NULL,NULL,NULL,6,NULL,NULL,9,0,922366,1288976194
396,https://kingscross.f-rpg.me,NULL,false,NULL,NULL,NULL,NULL,17,NULL,NULL,132,0,1655277,1510325687
1120,https://thekindred.rusff.me,NULL,false,NULL,NULL,NULL,NULL,12,NULL,NULL,56,0,1835016,1699725234
1681,https://littletrip.rusff.me,NULL,false,NULL,NULL,NULL,NULL,18,NULL,NULL,135,0,1841797,1711525199
1259,https://genshin2stars.rolka.me,NULL,false,NULL,NULL,NULL,NULL,26,NULL,NULL,24,0,1835581,1700985629
689,https://vampdynasties.mybb.ru,NULL,true,NULL,NULL,NULL,NULL,4,NULL,NULL,1,5,1785918,1627881401
470,https://milenfel.f-rpg.me,NULL,true,NULL,NULL,NULL,NULL,24,NULL,NULL,2,5,1594588,1493876098
1219,https://almarein.spybb.ru,NULL,true,NULL,NULL,NULL,NULL,6,NULL,NULL,3,5,78099,1186776655
1816,https://cwecho.rusff.me,NULL,true,NULL,NULL,NULL,NULL,29,NULL,NULL,3,5,1842131,1712057522
2354,https://englishcross.rusff.me,PiarIn),true,NULL,NULL,NULL,NULL,10,NULL,NULL,3,5,1845990,1716936587
414,https://copperdream.rusff.me,NULL,true,NULL,NULL,NULL,NULL,6,NULL,NULL,3,5,1831579,1693493338
1086,https://sweetshot.rusff.me,NULL,true,NULL,NULL,NULL,NULL,15,NULL,NULL,0,5,1809255,1652524392
1114,https://repatriates.rusff.me,NULL,true,NULL,NULL,NULL,NULL,7,NULL,NULL,3,5,1763166,1600419236
1182,https://valeoftears.rusff.me,NULL,true,NULL,NULL,NULL,NULL,19,NULL,NULL,4,5,1836222,1702396689
1034,https://yellowcrossover.ru,NULL,false,NULL,NULL,NULL,NULL,18,NULL,NULL,79,0,1707327,1553698343
329,https://arkcity.rusff.me,PR[in_2]),false,NULL,NULL,NULL,NULL,25,NULL,NULL,18,0,1698691,1544241503
333,https://faceinless.ru,NULL,false,NULL,NULL,NULL,NULL,6,NULL,NULL,32,0,1826012,1682015414
1024,https://lovereplay.ru,NULL,false,NULL,NULL,NULL,NULL,13,NULL,NULL,36,0,1734781,1569395656
2,https://docnight.rusff.me,PR[in_2]),false,advertiser,NULL,NULL,NULL,18,NULL,NULL,17,0,1273920,1382965430
431,https://itisanewworld.rusff.me,NULL,false,NULL,NULL,NULL,NULL,24,NULL,NULL,47,0,1773550,1614080920
327,https://edgezone.rusff.me,NULL,false,NULL,NULL,NULL,NULL,11,NULL,NULL,33,0,1829575,1689188547
1031,https://cursedcreatures.f-rpg.me,NULL,true,NULL,NULL,NULL,NULL,21,NULL,NULL,4,5,1547906,1464882596
1077,https://newadventure.rusff.me,NULL,false,NULL,NULL,NULL,NULL,38,NULL,NULL,19,0,1826610,1683271910
338,https://nostresscross.rusff.me,NULL,false,NULL,NULL,NULL,NULL,7,NULL,NULL,73,0,1823198,1676287884
1602,https://tsudekil.rusff.me,NULL,true,NULL,NULL,NULL,NULL,16,NULL,NULL,3,5,1841283,1710951017
14,https://sacramento.rusff.me,PrLoginpr),false,advertiser,NULL,NULL,NULL,24,NULL,NULL,98,0,1091786,1323271425
1092,https://after.rolebb.ru,NULL,false,NULL,NULL,NULL,NULL,11,NULL,NULL,30,0,1796038,1636026267
1096,https://musicalspace.rusff.me,NULL,false,NULL,NULL,NULL,NULL,19,NULL,NULL,27,0,1733431,1567289803
1094,https://tmsqr.ru,PR[in_2]),false,NULL,NULL,NULL,NULL,17,NULL,NULL,85,0,1760187,1594995488
1087,https://cwshelter.ru,NULL,true,NULL,NULL,NULL,NULL,17,NULL,NULL,2,5,1689605,1536149233
1081,https://senros.rusff.me,NULL,true,NULL,NULL,NULL,NULL,14,NULL,NULL,4,5,1192477,1352620608
350,https://rift.rolka.me,NULL,false,NULL,NULL,NULL,NULL,5,NULL,NULL,71,0,1825098,1680010059
10,https://miyron.rolka.me,PiarInPiarNik1,PiarPas1),false,advertiser,NULL,NULL,NULL,9,NULL,NULL,19,0,999383,1302267158
1983,https://nxvrlnd.rusff.me,NULL,false,NULL,NULL,NULL,NULL,14,NULL,NULL,172,0,1844195,1714210750
1350,https://panemthebelljar.rusff.me,NULL,true,NULL,NULL,NULL,NULL,11,NULL,NULL,0,5,1838164,1705695464
893,https://ephyrion.f-rpg.me,NULL,true,NULL,NULL,NULL,NULL,11,NULL,NULL,2,5,1693049,1540133119
363,https://funeralrave.ru,NULL,false,NULL,NULL,NULL,NULL,18,NULL,NULL,71,0,1656697,1511082470
347,https://awakening.rolebb.ru,NULL,false,NULL,NULL,NULL,NULL,16,NULL,NULL,19,0,1548246,1465217042
295,https://seattle.f-rpg.me,NULL,true,NULL,NULL,NULL,NULL,16,NULL,NULL,4,5,1832098,1694808781
1332,https://billboard.rusff.me,NULL,false,NULL,NULL,NULL,NULL,16,NULL,NULL,91,0,1837830,1704970106
453,https://symbiosis.rusff.me,NULL,false,NULL,NULL,NULL,NULL,15,NULL,NULL,13,0,1764861,1603210126
888,https://shockarts.ru,NULL,true,NULL,NULL,NULL,NULL,25,NULL,NULL,0,5,1199968,1355234741
1137,https://cwnazare.mybb.ru,NULL,false,NULL,NULL,NULL,NULL,42,NULL,NULL,12,0,1766436,1605048221
1461,https://fromashes.f-rpg.me,NULL,false,NULL,NULL,NULL,NULL,4,NULL,NULL,10,0,1838656,1706717299
2378,https://halflight.rusff.me,NULL,false,NULL,NULL,NULL,NULL,10,NULL,NULL,9,0,1841269,1710932810
1018,https://wrng.rusff.me,NULL,false,NULL,NULL,NULL,NULL,16,NULL,NULL,13,0,1797857,1638286155
1057,https://koreanacademy.ru,NULL,false,NULL,NULL,NULL,NULL,9,NULL,NULL,16,0,999346,1302262448
450,https://aenhanse.rolka.me,NULL,false,NULL,NULL,NULL,NULL,1,NULL,NULL,8,0,1689568,1536139895
459,https://redacademy.forumno.com,NULL,false,NULL,NULL,NULL,NULL,21,NULL,NULL,57,0,1833790,1696609064
1054,https://lostgeneration.f-rpg.me,NULL,false,NULL,NULL,NULL,NULL,7,NULL,NULL,19,0,1108279,1327150115
1074,https://cursedland.rusff.me,NULL,false,NULL,NULL,NULL,NULL,23,NULL,NULL,62,0,1800632,1641631471
1073,https://eltropicano.ru,NULL,false,NULL,NULL,NULL,NULL,17,NULL,NULL,59,0,1371114,1419324530
2055,https://inogrium.mybb.rocks,NULL,true,NULL,NULL,NULL,NULL,76,NULL,NULL,3,5,1167602,1344246638
321,https://darkmatter.rusff.me,NULL,false,NULL,NULL,NULL,NULL,14,NULL,NULL,24,0,1812378,1657379264
1098,https://wearethefuture.ru,NULL,false,NULL,NULL,NULL,NULL,18,NULL,NULL,47,0,1521892,1454765880
636,https://futsuhiro.anihub.me,NULL,true,NULL,NULL,NULL,NULL,15,NULL,NULL,4,5,1833101,1696181827
735,https://softpaw.rusff.me,NULL,true,NULL,NULL,NULL,NULL,24,NULL,NULL,2,5,1827745,1685458901
1142,https://novovers.rolka.me,NULL,false,NULL,NULL,NULL,NULL,15,NULL,NULL,33,0,1835131,1700003353
307,https://darksymphony.f-rpg.me,NULL,false,NULL,NULL,NULL,NULL,18,NULL,NULL,11,0,1822171,1674163389
1044,https://memlane.ru,NULL,false,NULL,NULL,NULL,NULL,18,NULL,NULL,154,0,1679087,1525556323
339,https://foreveryoung.rolbb.me,NULL,false,NULL,NULL,NULL,NULL,15,NULL,NULL,37,0,1816692,1663919013
1362,https://hpexile.rusff.me,NULL,false,NULL,NULL,NULL,NULL,19,NULL,NULL,47,0,1837758,1704799844
1159,https://kusabi.mybb.ru,NULL,false,NULL,NULL,NULL,NULL,27,NULL,NULL,20,0,1092548,1323460287
306,https://crossteller.ru,NULL,false,NULL,NULL,NULL,NULL,19,NULL,NULL,96,0,1801598,1642782966
1493,https://pulseofny.rusff.me,NULL,false,NULL,NULL,NULL,NULL,18,NULL,NULL,51,0,1839089,1707420390
312,https://prophecy.rolbb.me,NULL,false,NULL,NULL,NULL,NULL,15,NULL,NULL,69,0,1828497,1686740375
1361,https://beaware.rusff.me,NULL,false,NULL,NULL,NULL,NULL,8,NULL,NULL,8,0,1836071,1702113002
8,https://dragonageone.mybb.ru,PR[in_2]),false,advertiser,NULL,NULL,NULL,15,NULL,NULL,14,0,1658756,1511965565
1049,https://awaken.rusff.me,NULL,false,NULL,NULL,NULL,NULL,13,NULL,NULL,6,0,1834647,1698904206
1045,https://insideout.mybb.ru,NULL,false,NULL,NULL,NULL,NULL,20,NULL,NULL,20,0,1339077,1407435929
331,https://thehaze.rusff.me,NULL,false,NULL,NULL,NULL,NULL,13,NULL,NULL,89,0,1823768,1677411588
16,https://execute.rusff.me,PR[in_2]),false,advertiser,NULL,NULL,NULL,18,NULL,NULL,58,0,1831306,1692818080
1100,https://asunai.anihub.me,NULL,false,NULL,NULL,NULL,NULL,26,NULL,NULL,6,0,1258137,1375863114
1527,https://karma.f-rpg.me,NULL,false,NULL,NULL,NULL,NULL,7,NULL,NULL,159,0,1840219,1709406688
4,https://hornyjail.ru,PR[in_2]),false,advertiser,NULL,NULL,NULL,11,NULL,NULL,133,0,1780442,1621440287
365,https://crossfeeling.ru,NULL,false,NULL,NULL,NULL,NULL,16,NULL,NULL,72,0,1435063,1434485517
368,https://hpfreakshow.rusff.me,NULL,false,NULL,NULL,NULL,NULL,3,NULL,NULL,37,0,1736101,1571468096
2100,https://lostangels.rusff.me,NULL,true,NULL,NULL,NULL,NULL,11,NULL,NULL,4,5,1845493,1716073165
315,https://thesilence.rusff.me,NULL,true,NULL,NULL,NULL,NULL,17,NULL,NULL,2,5,1830980,1691920055
1097,https://grayhouse.rusff.me,NULL,true,NULL,NULL,NULL,NULL,32,NULL,NULL,3,5,1833792,1696611327
1599,https://notroleplaying.f-rpg.me,NULL,true,NULL,NULL,NULL,NULL,12,NULL,NULL,2,5,1841534,1711184720
906,https://onlinecross.ru,NULL,false,NULL,NULL,NULL,NULL,15,NULL,NULL,126,0,1776218,1617329089
379,https://labardon.rusff.me,NULL,false,NULL,NULL,NULL,NULL,26,NULL,NULL,16,0,1826694,1683411228
420,https://bollywooddream.mybb.ru,NULL,false,NULL,NULL,NULL,NULL,2,NULL,NULL,18,0,1697418,1542872970
896,https://dff.f-rpg.me,NULL,false,NULL,NULL,NULL,NULL,6,NULL,NULL,54,0,1791760,1630495179
443,https://miorline.ru,NULL,false,NULL,NULL,NULL,NULL,32,NULL,NULL,7,0,1630766,1503308998
1046,https://jkisdead.rusff.me,NULL,false,NULL,NULL,NULL,NULL,13,NULL,NULL,15,0,1518180,1451241856
1138,https://diablerie.ru,NULL,false,NULL,NULL,NULL,NULL,60,NULL,NULL,17,0,1791522,1630404761
1707,https://ftr404.rusff.me,NULL,false,NULL,NULL,NULL,NULL,18,NULL,NULL,38,0,1841670,1711384322
1287,https://oldshadows.rusff.me,PrLoginpr),false,NULL,NULL,NULL,NULL,19,NULL,NULL,55,0,1835993,1701886262
1127,https://hogwartslegacy.rolbb.me,NULL,false,NULL,NULL,NULL,NULL,25,NULL,NULL,8,0,1823784,1677427834
9,https://drinkbutterbeer.ru,PrLoginpr),false,advertiser,NULL,NULL,NULL,8,NULL,NULL,35,0,1715887,1560245960
650,https://imagiart.ru,NULL,false,NULL,NULL,NULL,NULL,42,NULL,NULL,611,0,985438,1299923715
574,https://ohcanada.rusff.me,NULL,false,NULL,NULL,NULL,NULL,9,NULL,NULL,24,0,1667475,1515329222